t,qps,read_qps,write_qps,block_lookups,block_hits,hit_ratio,read_p50_us,read_p95_us,read_p99_us,write_p99_us,compactions_running,compactions_done,flushes_done,trivial_moves,cache_live_mb,cache_stale_mb,stale_ids,sst_files,cache_charge_mb,invalidated_blocks,pf_evicted,pf_used,ssad_suspended,pf_inserted,pf_read_once
1,8007,6506,1501,6986,3287,0.47051,264,296,576,56,0,0,0,0,63.96,0.00,0,87,63.96,0,0,0,0,0,0
2,8025,6519,1506,6971,3696,0.53020,24,296,576,54,0,0,0,0,63.96,0.00,0,87,63.96,0,0,0,0,0,0
3,8006,6505,1501,6923,4222,0.60985,16,296,544,56,0,0,0,0,63.96,0.01,1,87,63.96,0,0,0,0,0,0
4,8027,6522,1505,6920,4092,0.59133,15,296,576,55,0,0,0,0,63.96,0.00,0,87,63.96,0,0,0,0,0,0
5,8009,6509,1500,6912,4122,0.59635,16,296,560,56,0,0,0,0,63.96,0.01,1,87,63.96,0,0,0,0,0,0
6,8030,6523,1507,6943,4050,0.58332,18,304,560,58,0,0,0,0,63.96,0.00,0,87,63.96,0,0,0,0,0,0
7,8011,6508,1503,6962,3993,0.57354,19,296,576,57,0,0,0,0,63.96,0.14,1,87,63.96,0,0,0,0,0,0
8,8038,6533,1505,8295,4114,0.49596,22,304,576,2496,1,0,1,0,63.97,0.01,1,88,63.97,0,0,0,0,0,0
9,8011,6511,1500,12612,5907,0.46836,256,304,800,1696,1,1,0,0,63.98,0.11,3,98,63.98,0,0,0,0,0,0
10,8011,6505,1506,13492,6746,0.50000,244,296,544,3264,1,0,0,0,63.98,0.21,5,98,63.98,0,0,0,0,0,0
11,8043,6534,1509,12472,4730,0.37925,264,312,576,2304,1,1,0,0,63.98,0.09,1,101,63.98,0,0,0,0,0,0
12,8010,6509,1501,11230,3432,0.30561,264,312,592,66,1,0,0,0,63.98,0.07,1,101,63.98,0,0,0,0,0,0
13,8029,6525,1504,11072,3919,0.35396,264,304,576,58,1,0,0,0,63.98,0.05,3,101,63.98,0,0,0,0,0,0
14,8018,6514,1504,11569,4254,0.36771,264,288,544,1952,1,1,0,0,63.98,0.07,3,103,63.98,0,0,0,0,0,0
15,8006,6504,1502,11138,3772,0.33866,264,304,576,168,1,0,0,0,63.97,0.00,0,103,63.97,0,0,0,0,0,0
16,8024,6519,1505,12067,4724,0.39148,272,304,560,2368,1,1,0,0,63.97,0.02,2,100,63.97,0,0,0,0,0,0
17,8013,6513,1500,11931,4574,0.38337,264,304,560,736,1,0,0,0,63.97,0.00,0,100,63.97,0,0,0,0,0,0
18,8022,6517,1505,11716,4416,0.37692,264,296,544,56,1,0,0,0,63.97,0.00,0,100,63.97,0,0,0,0,0,0
19,8007,6505,1502,12051,4881,0.40503,264,296,544,2432,1,1,0,0,63.97,0.05,1,103,63.97,0,0,0,0,0,0
20,7988,6490,1498,11760,4110,0.34949,264,304,560,236,1,0,0,0,63.98,0.02,1,103,63.97,0,0,0,0,0,0
21,8031,6525,1506,11749,4523,0.38497,264,312,576,64,1,0,0,0,63.97,0.09,1,103,63.97,0,0,0,0,0,0
22,8013,6511,1502,11877,4862,0.40936,264,304,576,2432,1,1,0,0,63.97,0.15,3,106,63.97,0,0,0,0,0,0
23,8005,6504,1501,11722,4380,0.37366,264,296,544,144,1,0,0,0,63.97,0.02,2,106,63.97,0,0,0,0,0,0
24,8019,6520,1499,11351,3624,0.31927,272,304,560,53,1,0,0,0,63.96,0.06,2,106,63.96,0,0,0,0,0,0
25,8006,6500,1506,11438,3577,0.31273,272,304,576,2112,1,1,0,0,63.96,0.09,5,103,63.96,0,0,0,0,0,0
26,8008,6506,1502,11563,3717,0.32146,272,312,576,192,1,0,0,0,63.97,0.07,2,103,63.97,0,0,0,0,0,0
27,8035,6536,1499,12013,4146,0.34513,264,288,544,2432,0,1,0,0,63.96,0.16,3,103,63.96,0,0,0,0,0,0
28,8041,6526,1515,11811,4414,0.37372,264,288,544,1408,1,0,0,0,63.96,0.03,4,106,63.96,0,0,0,0,0,0
29,8009,6509,1500,11658,4924,0.42237,248,296,544,60,1,0,0,0,63.96,0.00,0,106,63.96,0,0,0,0,0,0
30,8039,6530,1509,11005,4105,0.37301,264,296,560,1440,1,1,0,0,63.96,0.21,3,109,63.96,0,0,0,0,0,0
31,8026,6522,1504,11246,4227,0.37587,264,296,560,1760,1,1,0,0,63.96,0.00,0,108,63.96,0,0,0,0,0,0
32,8039,6531,1508,11864,5050,0.42566,256,304,560,84,1,0,0,0,63.96,0.26,4,108,63.96,0,0,0,0,0,0
33,8009,6507,1502,11059,4398,0.39769,17,288,544,152,1,0,0,0,63.96,0.09,2,108,63.96,0,0,0,0,0,0
34,8014,6513,1501,11360,4866,0.42835,19,296,544,2240,1,1,0,0,63.96,0.17,2,111,63.96,0,0,0,0,0,0
35,8007,6504,1503,11598,4817,0.41533,256,296,560,76,1,0,0,0,63.96,0.01,1,111,63.96,0,0,0,0,0,0
36,8004,6505,1499,10302,3543,0.34391,240,296,544,880,0,1,0,0,63.96,0.00,0,111,63.96,0,0,0,0,0,0
37,8020,6515,1505,6946,3730,0.53700,23,304,560,66,0,0,0,0,63.96,0.16,3,114,63.96,0,0,0,0,0,0
38,8016,6513,1503,6930,3839,0.55397,19,304,576,54,0,0,0,0,63.96,0.01,1,114,63.96,0,0,0,0,0,0
39,8013,6511,1502,6926,3471,0.50116,248,304,576,59,0,0,0,0,63.95,0.00,0,114,63.95,0,0,0,0,0,0
40,8029,6524,1505,7015,3087,0.44006,264,304,576,57,0,0,0,0,63.95,0.20,5,114,63.95,0,0,0,0,0,0
41,8008,6506,1502,6932,2863,0.41301,272,304,576,59,0,0,0,0,63.95,0.03,2,114,63.95,0,0,0,0,0,0
42,8045,6540,1505,7012,2805,0.40003,272,304,576,56,0,0,0,0,63.95,0.00,0,114,63.95,0,0,0,0,0,0
43,8046,6533,1513,7002,2711,0.38718,272,304,576,59,0,0,0,0,63.95,0.04,1,114,63.95,0,0,0,0,0,0
44,8008,6507,1501,7048,2610,0.37032,272,312,576,55,0,0,0,0,63.95,0.00,0,114,63.95,0,0,0,0,0,0
45,8011,6510,1501,7047,3197,0.45367,264,304,576,63,0,0,0,0,63.95,0.14,2,114,63.95,0,0,0,0,0,0
46,8041,6533,1508,10134,4112,0.40576,264,304,800,2816,1,1,1,0,63.97,0.08,5,126,63.97,0,0,0,0,0,0
47,8046,6537,1509,12669,5071,0.40027,256,296,544,2176,1,0,0,0,63.97,0.01,1,126,63.97,0,0,0,0,0,0
48,8000,6501,1499,12725,5094,0.40031,256,280,528,2304,0,1,0,0,63.97,0.18,1,126,63.97,0,0,0,0,0,0
49,8020,6515,1505,11503,3062,0.26619,264,296,768,1696,1,0,0,0,63.97,0.04,1,125,63.97,0,0,0,0,0,0
50,8010,6511,1499,11990,3999,0.33353,264,288,544,1632,1,0,0,0,63.97,0.00,0,125,63.97,0,0,0,0,0,0
51,8003,6500,1503,13374,5659,0.42313,256,280,528,3072,1,1,0,0,63.97,0.04,3,124,63.97,0,0,0,0,0,0
52,8011,6509,1502,12223,4562,0.37323,256,272,528,272,1,0,0,0,63.97,0.00,1,124,63.97,0,0,0,0,0,0
53,8007,6505,1502,12532,5271,0.42060,256,280,528,2176,1,1,0,0,63.97,0.00,0,123,63.97,0,0,0,0,0,0
54,8006,6508,1498,12705,5380,0.42346,256,280,528,312,1,0,0,0,63.97,0.07,2,123,63.97,0,0,0,0,0,0
55,8006,6502,1504,12625,5013,0.39707,256,280,528,2432,1,1,0,0,63.97,0.00,0,122,63.97,0,0,0,0,0,0
56,8019,6516,1503,11429,3858,0.33756,256,272,528,48,1,0,0,0,63.97,0.16,1,122,63.97,0,0,0,0,0,0
57,8022,6517,1505,11737,4427,0.37718,256,272,528,312,1,0,0,0,63.97,0.00,0,122,63.97,0,0,0,0,0,0
58,8048,6539,1509,12022,4798,0.39910,232,272,528,2560,1,1,0,0,63.97,0.00,0,121,63.97,0,0,0,0,0,0
59,8033,6527,1506,13580,6400,0.47128,248,272,528,2304,1,0,0,0,63.96,0.18,4,121,63.96,0,0,0,0,0,0
60,8003,6503,1500,11420,3479,0.30464,256,280,528,1568,1,1,0,0,63.96,0.00,0,120,63.96,0,0,0,0,0,0
61,8005,6503,1502,11517,3707,0.32187,264,288,528,108,1,0,0,0,63.97,0.19,3,120,63.97,0,0,0,0,0,0
62,8004,6504,1500,12360,4554,0.36845,264,288,528,2016,1,1,0,0,63.96,0.18,2,119,63.96,0,0,0,0,0,0
63,8025,6520,1505,11352,3420,0.30127,264,288,528,84,1,0,0,0,63.96,0.05,2,119,63.96,0,0,0,0,0,0
64,8005,6504,1501,12045,3946,0.32760,264,288,528,160,1,0,0,0,63.96,0.01,1,119,63.96,0,0,0,0,0,0
65,8020,6516,1504,11955,3925,0.32831,264,288,528,2240,1,1,0,0,63.96,0.14,4,118,63.96,0,0,0,0,0,0
66,8007,6508,1499,11536,3785,0.32810,264,288,528,472,1,0,0,0,63.96,0.00,1,118,63.96,0,0,0,0,0,0
67,8008,6506,1502,12444,4776,0.38380,264,280,528,2560,1,1,0,0,63.96,0.22,6,116,63.96,0,0,0,0,0,0
68,8037,6528,1509,11663,3760,0.32239,264,288,528,106,1,0,0,0,63.96,0.00,1,116,63.96,0,0,0,0,0,0
69,8003,6505,1498,12320,4944,0.40130,256,272,528,3136,1,1,0,0,63.96,0.19,8,115,63.96,0,0,0,0,0,0
70,8006,6503,1503,11968,4524,0.37801,256,272,528,55,1,0,0,0,63.96,0.29,5,115,63.96,0,0,0,0,0,0
71,8002,6503,1499,11496,3833,0.33342,256,280,528,43,1,0,0,0,63.95,0.09,4,115,63.95,0,0,0,0,0,0
72,8040,6534,1506,9762,3995,0.40924,256,272,528,928,0,1,0,0,63.95,0.23,4,113,63.95,0,0,0,0,0,0
73,8032,6525,1507,7706,3437,0.44602,264,296,544,37,0,0,0,0,63.95,0.14,4,113,63.95,0,0,0,0,0,0
74,8005,6502,1503,7702,3776,0.49026,264,304,576,56,0,0,0,0,63.95,0.01,1,113,63.95,0,0,0,0,0,0
75,8032,6528,1504,7683,3978,0.51777,264,296,544,50,0,0,0,0,63.95,0.01,1,113,63.95,0,0,0,0,0,0
76,8005,6503,1502,7670,3920,0.51108,264,280,528,27,0,0,0,0,63.95,0.00,0,113,63.95,0,0,0,0,0,0
77,8009,6506,1503,7604,4210,0.55366,31,288,528,46,0,0,0,0,63.95,0.00,0,113,63.95,0,0,0,0,0,0
78,8002,6503,1499,7582,4126,0.54418,256,272,528,34,0,0,0,0,63.95,0.00,0,113,63.95,0,0,0,0,0,0
79,8005,6503,1502,7620,4089,0.53661,256,280,528,50,0,0,0,0,63.96,0.00,0,113,63.96,0,0,0,0,0,0
80,8004,6503,1501,7561,3805,0.50324,256,280,528,34,0,0,0,0,63.95,0.02,1,113,63.95,0,0,0,0,0,0
81,8008,6507,1501,7591,3754,0.49453,256,280,528,32,0,0,0,0,63.95,0.13,4,113,63.95,0,0,0,0,0,0
82,8022,6519,1503,7687,4055,0.52751,256,280,528,28,0,0,0,0,63.95,0.00,0,113,63.95,0,0,0,0,0,0
83,8006,6503,1503,8424,4396,0.52184,28,272,528,2496,1,0,1,0,63.96,0.09,1,114,63.96,0,0,0,0,0,0
84,8004,6504,1500,12620,5375,0.42591,256,496,768,2688,1,1,0,0,63.98,0.00,0,123,63.98,0,0,0,0,0,0
85,8003,6502,1501,11609,4697,0.40460,12,272,528,42,1,0,0,0,63.98,0.00,0,123,63.98,0,0,0,0,0,0
86,8004,6503,1501,12252,5977,0.48784,8,272,528,2016,1,1,0,0,63.98,0.02,2,122,63.98,0,0,0,0,0,0
87,8015,6515,1500,13117,6830,0.52070,10,280,528,1792,1,0,0,0,63.98,0.00,1,122,63.98,0,0,0,0,0,0
88,8043,6532,1511,11574,4655,0.40219,16,288,544,48,1,0,0,0,63.98,0.00,0,122,63.98,0,0,0,0,0,0
89,8004,6504,1500,11013,4255,0.38636,29,296,560,2432,1,1,0,0,63.98,0.26,4,121,63.98,0,0,0,0,0,0
90,8029,6524,1505,11516,4815,0.41811,35,304,576,59,1,0,0,0,63.97,0.00,0,121,63.97,0,0,0,0,0,0
91,8011,6510,1501,11108,4155,0.37405,48,296,544,2240,1,1,0,0,63.97,0.18,4,120,63.97,0,0,0,0,0,0
92,8008,6505,1503,11495,4514,0.39269,248,288,544,45,1,0,0,0,63.97,0.00,0,120,63.97,0,0,0,0,0,0
93,8017,6516,1501,11567,5170,0.44696,15,288,544,66,1,0,0,0,63.97,0.18,2,120,63.97,0,0,0,0,0,0
94,8012,6510,1502,11343,4957,0.43701,19,296,544,2112,1,1,0,0,63.97,0.21,4,119,63.97,0,0,0,0,0,0
95,8047,6539,1508,11159,3967,0.35550,256,304,576,232,1,0,0,0,63.97,0.00,0,119,63.97,0,0,0,0,0,0
96,8008,6504,1504,12701,5245,0.41296,256,280,528,2240,1,1,0,0,63.97,0.21,5,118,63.97,0,0,0,0,0,0
97,8004,6504,1500,11788,3970,0.33678,264,280,528,160,1,0,0,0,63.97,0.08,2,118,63.97,0,0,0,0,0,0
98,8006,6505,1501,12120,5147,0.42467,16,272,528,132,1,0,0,0,63.96,0.00,0,118,63.96,0,0,0,0,0,0
99,8003,6501,1502,11835,5065,0.42797,12,272,528,1536,1,1,0,0,63.97,0.12,3,117,63.97,0,0,0,0,0,0
100,8004,6503,1501,11856,5114,0.43134,9,272,528,2240,1,0,0,0,63.97,0.00,0,117,63.97,0,0,0,0,0,0
101,8007,6509,1498,11285,4733,0.41941,10,280,528,2112,1,1,0,0,63.97,0.03,1,116,63.97,0,0,0,0,0,0
102,8001,6498,1503,11963,5173,0.43242,12,272,528,2432,1,0,0,0,63.97,0.14,2,116,63.97,0,0,0,0,0,0
103,8022,6517,1505,11932,4880,0.40898,15,272,528,504,1,0,0,0,63.97,0.00,0,116,63.97,0,0,0,0,0,0
104,8031,6525,1506,11799,4555,0.38605,256,280,528,2496,1,1,0,0,63.96,0.00,0,115,63.96,0,0,0,0,0,0
105,8023,6520,1503,11345,4229,0.37276,18,272,528,196,1,0,0,0,63.96,0.04,3,115,63.96,0,0,0,0,0,0
106,8005,6503,1502,11758,4606,0.39173,256,272,528,2176,1,1,0,0,63.96,0.29,5,114,63.96,0,0,0,0,0,0
107,8003,6503,1500,11559,4021,0.34787,256,272,528,152,1,0,0,0,63.96,0.39,5,114,63.96,0,0,0,0,0,0
108,8006,6506,1500,11599,3574,0.30813,256,288,528,960,1,0,0,0,63.96,0.43,4,114,63.96,0,0,0,0,0,0
109,8008,6507,1501,10937,2705,0.24733,256,280,528,2432,1,1,0,0,63.96,0.09,3,113,63.96,0,0,0,0,0,0
110,8003,6500,1503,11742,3908,0.33282,256,280,528,312,1,0,0,0,63.96,0.25,5,113,63.96,0,0,0,0,0,0
111,8007,6509,1498,9053,3121,0.34475,256,280,528,960,0,1,0,0,63.96,0.07,5,112,63.96,0,0,0,0,0,0
112,8003,6502,1501,7002,2899,0.41402,256,280,528,33,0,0,0,0,63.96,0.12,2,112,63.96,0,0,0,0,0,0
113,8011,6507,1504,6975,2829,0.40559,256,280,528,25,0,0,0,0,63.96,0.06,1,112,63.96,0,0,0,0,0,0
114,8006,6506,1500,6951,3072,0.44195,256,280,528,35,0,0,0,0,63.95,0.00,0,112,63.95,0,0,0,0,0,0
115,8004,6503,1501,6988,3000,0.42931,256,280,528,29,0,0,0,0,63.95,0.00,0,112,63.95,0,0,0,0,0,0
116,8040,6531,1509,7010,2931,0.41812,256,280,528,42,0,0,0,0,63.95,0.00,1,112,63.95,0,0,0,0,0,0
117,8005,6504,1501,6995,3383,0.48363,256,272,528,26,0,0,0,0,63.95,0.04,2,112,63.95,0,0,0,0,0,0
118,8026,6522,1504,7011,3442,0.49094,256,280,528,29,0,0,0,0,63.95,0.07,3,112,63.95,0,0,0,0,0,0
119,8001,6502,1499,6949,2785,0.40078,256,280,528,44,0,0,0,0,63.95,0.01,2,112,63.95,0,0,0,0,0,0
120,8006,6505,1501,6968,2438,0.34989,256,280,528,23,0,0,0,0,63.96,0.05,2,112,63.95,0,0,0,0,0,0
121,8036,6529,1507,9340,2790,0.29872,256,512,768,2816,1,1,1,0,63.97,0.23,5,124,63.97,0,0,0,0,0,0
122,8001,6501,1500,11499,2928,0.25463,256,512,784,33,1,0,0,0,63.98,0.00,0,124,63.98,0,0,0,0,0,0
123,8007,6505,1502,12893,4828,0.37447,256,280,528,1888,1,0,0,0,63.98,0.15,3,124,63.98,0,0,0,0,0,0
124,8004,6503,1501,11910,4518,0.37935,256,280,528,3072,1,1,0,0,63.97,0.00,0,123,63.97,0,0,0,0,0,0
125,8006,6504,1502,12109,5055,0.41746,15,272,528,1984,1,0,0,0,63.98,0.01,1,123,63.98,0,0,0,0,0,0
126,8022,6520,1502,12630,5671,0.44901,13,272,528,1952,1,1,0,0,63.97,0.21,2,122,63.97,0,0,0,0,0,0
127,8005,6503,1502,13537,6354,0.46938,256,272,528,2752,1,0,0,0,63.97,0.00,0,122,63.97,0,0,0,0,0,0
128,8003,6502,1501,11762,4357,0.37043,256,280,528,1920,1,1,0,0,63.97,0.04,2,121,63.97,0,0,0,0,0,0
129,8025,6522,1503,12204,4855,0.39782,256,272,528,416,1,0,0,0,63.97,0.13,1,121,63.97,0,0,0,0,0,0
130,8025,6521,1504,12040,4630,0.38455,256,272,528,160,1,0,0,0,63.97,0.00,0,121,63.97,0,0,0,0,0,0
131,8019,6518,1501,11931,4594,0.38505,256,280,528,1632,1,1,0,0,63.97,0.14,2,120,63.97,0,0,0,0,0,0
132,8006,6499,1507,13130,5840,0.44478,256,272,528,2624,1,0,0,0,63.97,0.13,2,120,63.97,0,0,0,0,0,0
133,8014,6512,1502,12575,5057,0.40215,256,272,528,2240,1,1,0,0,63.97,0.11,1,119,63.97,0,0,0,0,0,0
134,8016,6513,1503,12074,4565,0.37809,256,312,528,2816,1,0,0,0,63.97,0.21,3,119,63.97,0,0,0,0,0,0
135,8002,6503,1499,11365,3687,0.32442,256,288,528,1952,1,1,0,0,63.97,0.04,1,118,63.97,0,0,0,0,0,0
136,8044,6534,1510,11486,3724,0.32422,256,280,512,212,1,0,0,0,63.97,0.28,4,118,63.97,0,0,0,0,0,0
137,8023,6519,1504,12117,4264,0.35190,256,280,512,58,1,0,0,0,63.96,0.00,0,118,63.96,0,0,0,0,0,0
138,8004,6502,1502,11780,3911,0.33200,256,272,528,1792,1,1,0,0,63.96,0.02,2,117,63.96,0,0,0,0,0,0
139,8006,6507,1499,11879,4498,0.37865,256,272,528,1600,1,0,0,0,63.96,0.14,2,117,63.96,0,0,0,0,0,0
140,8033,6526,1507,12040,4419,0.36703,256,280,528,2560,1,1,0,0,63.96,0.02,1,116,63.96,0,0,0,0,0,0
141,8005,6504,1501,11798,4476,0.37939,256,272,528,328,1,0,0,0,63.96,0.01,1,116,63.96,0,0,0,0,0,0
142,8011,6508,1503,11655,4227,0.36268,256,272,528,50,1,0,0,0,63.96,0.09,1,116,63.96,0,0,0,0,0,0
143,8007,6507,1500,11789,4177,0.35431,256,272,528,2176,1,1,0,0,63.96,0.01,1,115,63.96,0,0,0,0,0,0
144,8003,6502,1501,11634,3778,0.32474,256,280,528,280,1,0,0,0,63.96,0.09,2,115,63.96,0,0,0,0,0,0
145,8042,6535,1507,12053,4214,0.34962,256,280,528,2752,1,1,0,0,63.96,0.19,2,114,63.96,0,0,0,0,0,0
146,8004,6502,1502,12081,4189,0.34674,256,280,528,136,1,0,0,0,63.96,0.12,2,114,63.96,0,0,0,0,0,0
147,8006,6505,1501,11147,3991,0.35803,256,280,528,2112,0,1,0,0,63.96,0.20,2,113,63.96,0,0,0,0,0,0
148,8002,6502,1500,7631,3492,0.45761,256,280,528,22,0,0,0,0,63.96,0.07,3,113,63.96,0,0,0,0,0,0
149,8034,6527,1507,8634,3391,0.39275,256,272,528,464,0,1,0,0,63.96,0.00,0,112,63.96,0,0,0,0,0,0
150,8027,6522,1505,6970,3779,0.54218,11,272,512,20,0,0,0,0,63.95,0.16,4,112,63.95,0,0,0,0,0,0
151,8004,6504,1500,6945,3921,0.56458,10,272,512,24,0,0,0,0,63.95,0.00,0,112,63.95,0,0,0,0,0,0
152,8004,6503,1501,6983,3806,0.54504,11,272,512,26,0,0,0,0,63.96,0.08,1,112,63.96,0,0,0,0,0,0
153,8002,6500,1502,6935,3573,0.51521,16,272,528,33,0,0,0,0,63.96,0.04,2,112,63.96,0,0,0,0,0,0
154,8012,6511,1501,6955,3469,0.49878,256,272,512,26,0,0,0,0,63.96,0.00,0,112,63.96,0,0,0,0,0,0
155,8005,6506,1499,6947,3571,0.51403,14,272,528,20,0,0,0,0,63.96,0.03,1,112,63.96,0,0,0,0,0,0
156,8003,6507,1496,6937,3648,0.52588,11,264,512,17,0,0,0,0,63.95,0.04,2,112,63.95,0,0,0,0,0,0
157,8004,6498,1506,6944,3807,0.54824,9,264,512,17,0,0,0,0,63.96,0.00,0,112,63.96,0,0,0,0,0,0
158,8004,6503,1501,7014,4235,0.60379,7,264,512,57,1,0,1,0,63.96,0.07,1,113,63.96,0,0,0,0,0,0
159,8005,6504,1501,11772,5395,0.45829,7,272,528,3136,1,1,0,0,63.97,0.02,3,124,63.97,0,0,0,0,0,0
160,8005,6504,1501,12528,5439,0.43415,12,272,528,66,1,0,0,0,63.98,0.00,0,124,63.98,0,0,0,0,0,0
161,8004,6502,1502,12519,5351,0.42743,256,272,528,2560,1,1,0,0,63.98,0.01,1,123,63.98,0,0,0,0,0,0
162,8004,6504,1500,11506,4305,0.37415,220,272,528,1344,1,0,0,0,63.97,0.05,2,123,63.97,0,0,0,0,0,0
163,8006,6504,1502,11472,4324,0.37692,13,272,528,35,1,0,0,0,63.97,0.01,1,123,63.97,0,0,0,0,0,0
164,8001,6502,1499,12431,5286,0.42523,240,272,528,2368,1,1,0,0,63.97,0.06,2,122,63.97,0,0,0,0,0,0
165,8008,6506,1502,12036,4982,0.41392,11,272,528,256,1,0,0,0,63.97,0.00,0,122,63.97,0,0,0,0,0,0
166,8004,6504,1500,11528,4152,0.36017,256,272,528,2304,1,1,0,0,63.97,0.28,5,121,63.97,0,0,0,0,0,0
167,8020,6518,1502,12928,5117,0.39581,256,272,528,2432,1,0,0,0,63.97,0.00,0,121,63.97,0,0,0,0,0,0
168,8033,6524,1509,12177,4850,0.39829,256,272,512,1984,1,1,0,0,63.97,0.08,1,120,63.97,0,0,0,0,0,0
169,8040,6534,1506,14003,6947,0.49611,224,272,512,3200,1,0,0,0,63.97,0.07,2,120,63.97,0,0,0,0,0,0
170,8010,6507,1503,12042,5208,0.43249,10,272,528,1824,1,1,0,0,63.97,0.18,4,119,63.97,0,0,0,0,0,0
171,8042,6535,1507,11882,4966,0.41794,10,272,512,1920,1,0,0,0,63.97,0.48,7,119,63.97,0,0,0,0,0,0
172,8003,6503,1500,11502,4149,0.36072,256,272,528,56,1,0,0,0,63.97,0.14,4,119,63.97,0,0,0,0,0,0
173,8038,6531,1507,11537,4221,0.36587,256,272,528,2176,1,1,0,0,63.97,0.03,1,118,63.97,0,0,0,0,0,0
174,8023,6517,1506,12350,5307,0.42972,12,272,512,336,1,0,0,0,63.96,0.00,0,118,63.96,0,0,0,0,0,0
175,8012,6516,1496,12291,5449,0.44333,10,272,512,2880,1,1,0,0,63.96,0.02,1,117,63.96,0,0,0,0,0,0
176,8005,6500,1505,11394,4106,0.36037,256,272,528,512,1,0,0,0,63.96,0.03,1,117,63.96,0,0,0,0,0,0
177,8004,6501,1503,11435,4447,0.38889,11,272,528,43,1,0,0,0,63.96,0.00,0,117,63.96,0,0,0,0,0,0
178,8005,6505,1500,11688,5251,0.44926,8,264,512,2624,1,1,0,0,63.96,0.07,2,116,63.96,0,0,0,0,0,0
179,8003,6502,1501,11356,4789,0.42172,8,272,528,2240,1,0,0,0,63.96,0.03,2,116,63.96,0,0,0,0,0,0
180,8006,6504,1502,12683,5836,0.46014,12,272,528,2432,1,1,0,0,63.96,0.23,3,115,63.96,0,0,0,0,0,0
